domain,post_url,status_now,dofollow,first_seen,hist_last_seen,submitted_at,checked_at
stylelovely.com,https://stylelovely.com/diybalamoda/2013/12/diy-toque-festivo-a-tus-prendas,live,0,2026-08-05T05:59:35Z,,2026-07-31 01:57:35,2026-08-29
blogs.urz.uni-halle.de,https://blogs.urz.uni-halle.de/kastritislab/2025/01/incredible-news-to-kick-off-2025-%F0%9F%A5%B3/comment-page-3/,lost,0,2026-08-15T22:18:05Z,,2026-07-31 04:21:53,2026-08-29
blogs.deia.eus,https://blogs.deia.eus/anasagasti/2026/06/22/el-plan-contra-la-corrupcion-no-se-ha-ejecutado/,lost,0,2026-07-31T15:02:40Z,,2026-07-31 04:23:16,2026-08-29
blog.janm.org,https://blog.janm.org/2025/03/13/2025-day-of-remembrance/,live,0,2026-08-08T10:10:31Z,,2026-07-31 04:27:08,2026-08-29
uni.hi.is,https://uni.hi.is/eirikur/2025/04/14/hvernig-hefurdu-thad-hafdu-thad-gott/,live,0,2026-08-24T21:39:07Z,,2026-07-31 04:34:55,2026-08-29
kendieveryday.com,https://www.kendieveryday.com/2023/10/on-turning-39.html,live,0,2026-08-22T03:06:49Z,,2026-07-31 04:48:06,2026-08-29
repeatcrafterme.com,https://www.repeatcrafterme.com/2023/02/crochet-folded-cuff-brim-beanie.html,live,0,2026-08-26T01:18:26Z,,2026-07-31 04:48:18,2026-08-29
fakeshoredrive.com,https://www.fakeshoredrive.com/2023/05/kaycyy-announces-tw2052-album-with-gesaffelstein-drops-roll-the-dice.html/,live,0,2026-07-31T09:07:10Z,,2026-07-31 04:48:21,2026-08-29
vitamagazine.com,https://vitamagazine.com/2024/02/18/where-to-find-the-clearest-warmest-water-in-the-world/,live,0,2026-08-26T11:12:49Z,,2026-07-31 05:15:24,2026-08-29
neveryetmelted.com,https://neveryetmelted.com/2023/01/03/an-incredible-amount-of-horribly-described-sex/,live,0,2026-08-06T16:07:49Z,,2026-07-31 05:36:50,2026-08-29
rjmprogramming.com.au,https://www.rjmprogramming.com.au/ITblog/2025/08/16/,live,0,2026-08-03T18:28:11Z,,2026-07-31 08:36:19,2026-08-29
puttylike.com,https://puttylike.com/can-you-be-the-wrong-kind-of-multipotentialite/,live,0,2026-08-14T22:59:23Z,,2026-07-31 17:18:06,2026-08-29
hesterly.nl,https://www.hesterly.nl/2015/09/infj-inspiration-to-others/,lost,0,2026-08-24T14:11:25Z,,2026-08-01 00:57:45,2026-08-29
aki0623.xsrv.jp,https://aki0623.xsrv.jp/ouki/serufxkouryakukennkyuusitu/,live,0,2026-08-19T21:31:57Z,,2026-08-02 04:21:44,2026-08-29
northeasthikes.com,https://www.northeasthikes.com/cathedral-trail-katahdin-baxter-state-park-maine/,live,0,2026-08-14T13:23:51Z,,2026-08-02 17:25:18,2026-08-29
runningwithspoons.com,https://www.runningwithspoons.com/flourless-vegan-brownies/,live,0,2026-08-19T02:53:57Z,,2026-08-02 17:30:31,2026-08-29
blog.uvm.edu,https://blog.uvm.edu/nr103fall2020/2020/11/29/424/,live,0,2026-08-10T01:44:13Z,,2026-08-02 18:34:27,2026-08-29
cayxanh66.com,https://cayxanh66.com/tin-tuc/top-cac-loai-cay-an-qua-lam-cay-bong-mat-duoc-ua-chuong-nhat-hien-nay.html,live,0,2026-08-11T05:36:05Z,,2026-08-02 18:49:59,2026-08-29
bahamasweddingplanner.com,https://bahamasweddingplanner.com/testimonial/marla-robin/,live,0,2026-08-07T02:23:05Z,,2026-08-02 19:03:02,2026-08-29
cruc.es,https://www.cruc.es/information-technology-strategy-class-13-book-reviewpresentation/,unknown,0,2026-08-09T18:13:03Z,,2026-08-02 19:23:41,2026-08-29
dadandburied.com,https://dadandburied.com/2015/07/09/terrible-tips-for-flying-with-kids/,live,0,2026-08-22T03:07:28Z,,2026-08-02 19:33:08,2026-08-29
dagny.com,https://dagny.com/things-are-not-always-as-they-seem/,live,0,2026-08-14T03:01:55Z,,2026-08-02 19:36:30,2026-08-29
escapistasclub.com,https://escapistasclub.com/escape-game-madrid-center-madrid-madrid/,live,0,2026-08-11T13:54:55Z,,2026-08-02 20:01:18,2026-08-29
globaltill.com,https://globaltill.com/how-to-motivate-yourself-when-dissertation-research-feels-endless/,live,0,2026-08-10T17:41:46Z,,2026-08-02 20:47:25,2026-08-29
koorschoolvivalamusica.nl,https://koorschoolvivalamusica.nl/gratis-proefles-amv-voor-kinderen/,live,0,2026-08-08T17:07:23Z,,2026-08-03 02:37:30,2026-08-29
lifestyletodaynews.com,https://lifestyletodaynews.com/news/the-food-samaritan-of-delhi/,live,0,2026-08-17T13:58:09Z,,2026-08-03 03:00:56,2026-08-29
mygardenchannel.com,https://mygardenchannel.com/flame-grass/,live,0,2026-08-19T17:43:30Z,,2026-08-03 04:07:01,2026-08-29
pedacodavila.com.br,https://pedacodavila.com.br/coluna/leandro-dupre/para-ouvir-o-silencio/,live,0,2026-08-08T20:48:41Z,,2026-08-03 05:06:09,2026-08-29
prototypinglibrary.com,https://prototypinglibrary.com/portfolio/lengthening-joints/,live,0,2026-08-12T20:11:49Z,,2026-08-03 05:36:28,2026-08-29
restaurantdemolenaar.nl,https://www.restaurantdemolenaar.nl/valentijn-2/,live,0,2026-08-11T05:24:45Z,,2026-08-03 05:48:39,2026-08-29
themuralofmurals.com,https://themuralofmurals.com/sucre-bolivia/mattcollier-com-6/,live,0,2026-08-12T00:43:27Z,,2026-08-03 06:37:54,2026-08-29
2cwebdesign.com.br,https://2cwebdesign.com.br/desenvolvedor-back-end/,live,0,2026-08-05T14:01:01Z,,2026-08-03 08:18:09,2026-08-29
aljarida.ma,https://aljarida.ma/%D8%B1%D8%AF%D8%A7-%D8%B9%D9%84%D9%89-%D8%A7%D9%84%D8%B5%D9%8F%D8%AD%D9%8E%D9%81%D9%90%D9%8A%D8%A9-%D8%A7%D9%84%D9%85%D8%B5%D8%B1%D9%8A%D8%A9-%D8%A7%D9%84%D8%AA%D9%8A-%D8%AA%D9%87%D9%85%D8%AA/,live,0,2026-08-21T08:27:09Z,,2026-08-03 08:41:31,2026-08-29
appdupe.com,https://www.appdupe.com/blog/successful-entrepreneur-elearning/,live,0,2026-08-26T11:07:32Z,,2026-08-03 09:04:18,2026-08-29
fatherbroom.com,https://fatherbroom.com/es/2012/11/amistad-con-jesus-la-perla-de-valor/,live,0,2026-08-14T15:49:49Z,,2026-08-03 09:32:06,2026-08-29
berlinfaces.de,https://berlinfaces.de/tag-69-des-mops-tagebuchs/,live,0,2026-08-19T07:31:07Z,,2026-08-03 10:06:22,2026-08-29
cursosinemweb.es,https://cursosinemweb.es/formularios-seguridad-social/,live,0,2026-08-03T15:05:25Z,,2026-08-03 11:26:23,2026-08-29
dagny.com,https://dagny.com/things-are-not-always-as-they-seem/,live,0,2026-08-14T03:01:55Z,,2026-08-03 11:29:41,2026-08-29
constructorayadel.com.co,https://constructorayadel.com.co/inicio/proyectos-en-venta-yadel/5-3/,live,0,2026-08-21T15:55:58Z,,2026-08-03 11:32:53,2026-08-29
djmathieug.com,https://djmathieug.com/21741293_10155017945890745_3380263488712113080_o_10155017945890745/,live,0,2026-08-19T09:34:01Z,,2026-08-03 11:59:05,2026-08-29
finca-calvia.com,https://finca-calvia.com/strasse-3/,live,0,2026-08-20T11:55:55Z,,2026-08-03 12:37:06,2026-08-29
ladybirdsnest.no,https://ladybirdsnest.no/the-organic-pharmacy-solpleie/,live,0,2026-08-15T03:41:58Z,,2026-08-03 13:13:44,2026-08-29
levisoldani.com.ar,https://levisoldani.com.ar/teslas-autopilot-system-is-awesome-and-creepy-and-a-sign-of-a-beautiful-future/,live,0,2026-08-04T06:51:05Z,,2026-08-03 13:23:06,2026-08-29
lifestyletodaynews.com,https://lifestyletodaynews.com/news/the-food-samaritan-of-delhi/,live,0,2026-08-17T13:58:09Z,,2026-08-03 14:20:21,2026-08-29
ortopediajensmuller.com,https://ortopediajensmuller.com/project/maria-anel/maria-sierra-nevada/,live,0,2026-08-25T06:59:43Z,,2026-08-03 14:25:13,2026-08-29
mafsinnovations.com,https://mafsinnovations.com/connecting-the-business-technology-community/,live,0,2026-08-17T14:09:31Z,,2026-08-03 14:32:23,2026-08-29
purpledodo.net,http://www.purpledodo.net/wp/drifter/olympus-digital-camera-99/,live,0,2026-08-05T06:07:10Z,,2026-08-03 14:50:11,2026-08-29
ruthieridleyblog.com,https://ruthieridleyblog.com/grey-sweater-dress/ruthieridley_10242017_nicolequiroz_30/,live,0,2026-08-10T08:58:27Z,,2026-08-03 15:01:58,2026-08-29
monocil.jp,https://monocil.jp/articles/a/recommended-scalp-shampoo-for-women/,live,0,2026-08-25T18:53:25Z,,2026-08-03 15:15:09,2026-08-29
morpheusdata.com,https://morpheusdata.com/events/morpheus-tech-brief-morpheus-custom-reports/,live,0,2026-08-25T04:00:01Z,,2026-08-03 15:20:30,2026-08-29
northwestmasonry.com.au,https://northwestmasonry.com.au/powerhouse-apartments-rosebery/,live,0,2026-08-16T01:26:56Z,,2026-08-03 15:36:56,2026-08-29
stephaniescheubeck.com,https://stephaniescheubeck.com/blog-archive/zweiter-beitrag/,live,0,2026-08-13T22:53:32Z,,2026-08-03 15:50:54,2026-08-29
pedacodavila.com.br,https://pedacodavila.com.br/coluna/leandro-dupre/para-ouvir-o-silencio/,live,0,2026-08-08T20:48:41Z,,2026-08-03 16:11:10,2026-08-29
prototypinglibrary.com,https://prototypinglibrary.com/portfolio/lengthening-joints/,live,0,2026-08-12T20:11:49Z,,2026-08-03 16:46:14,2026-08-29
sampooranpunjabnews.com,https://sampooranpunjabnews.com/3-65-crore-fine-imposed-on-144-firms-doing-fake-business-of-readymade-garments/,live,0,2026-08-13T19:49:08Z,,2026-08-03 17:49:12,2026-08-29
simonsaysstampblog.com,https://www.simonsaysstampblog.com/blog/amore-laurafadora-3/comment-page-24/,live,0,2026-08-16T21:37:55Z,,2026-08-03 18:10:09,2026-08-29
themuralofmurals.com,https://themuralofmurals.com/sucre-bolivia/mattcollier-com-6/,live,0,2026-08-12T00:43:27Z,,2026-08-03 18:25:15,2026-08-29
timrothephotography.com,https://timrothephotography.com/nicole-music/,live,0,2026-08-18T10:41:21Z,,2026-08-03 18:41:55,2026-08-29
unexpectedelegance.com,https://www.unexpectedelegance.com/tricks-to-give-your-tiled-shower-a-custom-look/,live,0,2026-08-20T00:57:57Z,,2026-08-03 18:49:01,2026-08-29
unoriginalmom.com,https://www.unoriginalmom.com/bridal-shower-brunch-yogurt-parfait-bar/,live,1,2026-08-14T13:19:22Z,,2026-08-03 18:51:46,2026-08-29
activeimagemedia.com,https://www.activeimagemedia.com/video/the-impact-of-mobile-video-consumption-on-marketing/,live,0,2026-08-04T09:41:57Z,,2026-08-03 22:15:03,2026-08-29
fatherbroom.com,https://fatherbroom.com/es/2012/11/amistad-con-jesus-la-perla-de-valor/,live,0,2026-08-14T15:49:49Z,,2026-08-03 22:50:18,2026-08-29
lucaluo.com,https://www.lucaluo.com/mbti-introduction/,live,0,2026-08-14T03:26:12Z,,2026-08-03 23:26:07,2026-08-29
activeimagemedia.com,https://www.activeimagemedia.com/video/the-impact-of-mobile-video-consumption-on-marketing/,live,0,2026-08-04T09:41:57Z,,2026-08-04 01:00:54,2026-08-29
dessertswithbenefits.com,https://dessertswithbenefits.com/14-healthy-ice-cream-recipes/,live,0,2026-08-15T10:51:53Z,,2026-08-04 09:05:59,2026-08-29
altaestrategia.com,https://altaestrategia.com/las-mejores-herramientas-de-inteligencia-artificial-para-trabajar/,live,0,2026-08-08T03:10:41Z,,2026-08-05 02:41:35,2026-08-29
f-mignon.net,https://f-mignon.net/ai-for-music-at20260529/,live,0,2026-08-22T10:12:14Z,,2026-08-05 05:20:30,2026-08-29
halihicks.com,https://halihicks.com/one-girl-one-journey/,live,0,2026-08-14T07:10:37Z,,2026-08-05 06:41:39,2026-08-29
elfogondelatlantico.es,https://elfogondelatlantico.es/tarta-de-queso-pirula/,live,0,2026-08-17T23:08:12Z,,2026-08-05 06:51:38,2026-08-29
goodsleepsleep.com,http://goodsleepsleep.com/341/,live,0,2026-08-16T05:42:15Z,,2026-08-05 07:57:57,2026-08-29
nationalflooringcenter.org,https://nationalflooringcenter.org/how-are-traditional-flooring-materials-being-used-in-unique-ways/,unknown,0,2026-08-17T16:46:14Z,,2026-08-06 03:13:45,2026-08-29
punjabrestaurants.co.za,https://punjabrestaurants.co.za/tag/fashion/,unknown,0,2026-08-06T21:44:14Z,,2026-08-06 03:17:45,2026-08-29
kubiq.ro,https://kubiq.ro/hello-world/,live,0,2026-08-11T00:12:26Z,,2026-08-06 05:02:37,2026-08-29
maackfm.com,https://maackfm.com/wommat/,lost,0,2026-08-18T10:57:10Z,,2026-08-06 06:20:34,2026-08-29
hohohoiku.com,https://hohohoiku.com/beginner-motivation/,live,0,2026-08-19T21:28:52Z,,2026-08-06 06:22:50,2026-08-29
transmadura.com,https://www.transmadura.com/2016/12/13/bupati-lantik-anggota-dpks-sumenep/,live,0,2026-08-15T15:06:24Z,,2026-08-06 07:36:07,2026-08-29
flyoz.com,https://www.flyoz.com/hello-world/,unknown,0,2026-08-10T18:32:27Z,,2026-08-06 14:35:50,2026-08-29
flyoz.com,https://www.flyoz.com/hello-world/,unknown,0,2026-08-10T18:32:27Z,,2026-08-06 14:53:11,2026-08-29
travelspecialistsmorocco.com,https://travelspecialistsmorocco.com/best-morocco-tours/,live,0,2026-08-11T01:41:33Z,,2026-08-06 16:31:58,2026-08-29
roslundspaintandbody.com,https://roslundspaintandbody.com/top-reasons-for-you-to-opt-for-a-profession-car-washing-service/,live,0,2026-08-17T19:37:11Z,,2026-08-06 18:00:19,2026-08-29
travelspecialistsmorocco.com,https://travelspecialistsmorocco.com/tag/best-morocco-travel-tips/,lost,1,2026-08-07T20:06:49Z,,2026-08-06 18:07:35,2026-08-29
fj-tokyo.jp,https://www.fj-tokyo.jp/kids/159/,live,0,2026-08-18T19:42:49Z,,2026-08-06 18:42:15,2026-08-29
sammartino.info,https://sammartino.info/uncategorized/hello-world/,live,0,2026-08-22T00:49:54Z,,2026-08-06 20:13:53,2026-08-29
shopluxurystyle.com,https://shopluxurystyle.com/mens-zip-pullover-neck-stylish-and-comfortable-quarter-zip-sweater/,live,0,2026-08-16T12:54:53Z,,2026-08-06 20:16:41,2026-08-29
zero83.com.br,https://zero83.com.br/2022/11/25/procon-jp-autua-10-estabelecimentos-durante-a-operacao-black-friday-no-comercio-da-capital/,live,0,2026-08-14T21:50:27Z,,2026-08-06 21:57:08,2026-08-29
teamhoffstedt.se,https://teamhoffstedt.se/2009/02/ny-sasong-ny-satsning/,live,0,2026-08-25T11:10:27Z,,2026-08-06 22:09:32,2026-08-29
kewoulo.info,https://kewoulo.info/reseau-homosexuel-demantele-six-suspects-dont-un-agent-de-lucad-arretes-a-keur-massar-lun-avoue-avoir-propage-le-vih-depuis-2018/,live,0,2026-08-11T11:01:11Z,,2026-08-06 22:14:08,2026-08-29
kevaco.com,https://kevaco.com/blog-1/,unknown,0,2026-08-15T13:17:16Z,,2026-08-06 22:42:02,2026-08-29
pasauliostebuklai.lt,https://pasauliostebuklai.lt/aleksandrijos-svyturys/,live,0,2026-08-18T10:16:51Z,,2026-08-06 23:37:04,2026-08-29
kevaco.com,https://kevaco.com/blog-1/,unknown,0,2026-08-15T13:17:16Z,,2026-08-06 23:46:39,2026-08-29
newagencia.com.br,https://newagencia.com.br/o-fim-do-achismo-como-empresas-estao-usando-dados-para-decidir-o-proximo-passo/,live,0,2026-08-22T05:08:02Z,,2026-08-07 00:34:59,2026-08-29
urupedia.id,https://urupedia.id/2025/pendidikan/antara-kampus-dan-industri-sebuah-jarak-yang-membeku.html,live,0,2026-08-11T10:39:24Z,,2026-08-07 01:07:25,2026-08-29
zero83.com.br,https://zero83.com.br/2022/11/25/procon-jp-autua-10-estabelecimentos-durante-a-operacao-black-friday-no-comercio-da-capital/,live,0,2026-08-14T21:50:27Z,,2026-08-07 01:20:08,2026-08-29
apolloeg.tours,https://apolloeg.tours/product/ha-long-bay-3-days-2-nights-apollo/,live,0,2026-08-13T16:17:37Z,,2026-08-07 01:24:24,2026-08-29
moderatorenpool-deutschland.de,https://www.moderatorenpool-deutschland.de/pflanz-dich-die-2/,live,0,2026-08-19T08:14:20Z,,2026-08-07 01:52:02,2026-08-29
royalarc.in,https://royalarc.in/mr-mansi-maulik-bagadiya/,live,0,2026-08-21T12:05:09Z,,2026-08-07 02:55:52,2026-08-29
glaadblog.org,https://www.glaadblog.org/business-loan-guide-everything-you-need-to-know-about-business-loans/,live,0,2026-08-10T22:03:07Z,,2026-08-07 03:28:44,2026-08-29
mattaarquitectos.es,https://mattaarquitectos.es/portfolio/avenida-reina-victoria-8-madrid/main-31/,lost,0,2026-08-14T07:38:35Z,,2026-08-07 03:39:33,2026-08-29
fkip.uhamka.ac.id,https://fkip.uhamka.ac.id/galery-kegiatan/uhamka-berikan-beasiswa-cerdas-bagi-calon-hamka-muda/,live,0,2026-08-12T23:29:20Z,,2026-08-07 04:45:26,2026-08-29
glaadblog.org,https://www.glaadblog.org/business-loan-guide-everything-you-need-to-know-about-business-loans/,live,0,2026-08-10T22:03:07Z,,2026-08-07 04:51:59,2026-08-29
bonnevilletaxi.fr,https://bonnevilletaxi.fr/taxi-navette-ville-bonneville-code-postal-74130-haute-savoie-rhone-alpes/,live,0,2026-08-26T19:05:43Z,,2026-08-07 09:36:00,2026-08-29
clubztutoring.com,https://clubztutoring.com/greenville/blog/lorem-ipsum-dolor/,live,0,2026-08-19T16:58:21Z,,2026-08-07 09:44:46,2026-08-29
das-baum-profiteam.de,https://das-baum-profiteam.de/uncategorized/hello-world/,live,0,2026-08-16T09:02:56Z,,2026-08-07 09:49:14,2026-08-29
clubztutoring.com,https://clubztutoring.com/greenville/blog/lorem-ipsum-dolor/,live,0,2026-08-19T16:58:21Z,,2026-08-07 10:05:39,2026-08-29
khabarwani.com,https://khabarwani.com/kajol-hot-viral-photos/,live,0,2026-08-12T16:04:20Z,,2026-08-07 10:08:46,2026-08-29
khabarwani.com,https://khabarwani.com/kajol-hot-viral-photos/,live,0,2026-08-12T16:04:20Z,,2026-08-07 10:52:57,2026-08-29
amplifycolumbia.com,https://www.amplifycolumbia.com/hampton/,live,0,2026-08-13T20:14:30Z,,2026-08-07 12:54:28,2026-08-29
amplifycolumbia.com,https://www.amplifycolumbia.com/hampton/,live,0,2026-08-13T20:14:30Z,,2026-08-07 13:16:07,2026-08-29
bb-travel.vn,https://bb-travel.vn/birdwatching-spots-in-vietnam-best-time-to-visit/,live,0,2026-08-19T02:28:14Z,,2026-08-07 13:33:08,2026-08-29
climatisation-91-service.fr,https://www.climatisation-91-service.fr/financement-des-pompes-a-chaleur/#comment-98304,live,0,2026-08-08 08:44:58,2026-08-08 08:44:58,2026-08-07 14:05:23,2026-08-29
diamond-atelier.com,https://www.diamond-atelier.com/theres-no-way/,live,0,2026-08-20T09:33:05Z,,2026-08-07 14:38:17,2026-08-29
emsartscene.com,https://emsartscene.com/bioperversity-nicodim-gallery-los-angeles-photos/,live,0,2026-08-16T06:07:09Z,,2026-08-07 15:06:59,2026-08-29
yuzu-5.com,https://yuzu-5.com/kekkonshiki-suru-shinai/,live,0,2026-08-26T13:50:03Z,,2026-08-07 20:29:15,2026-08-29
bawabha.com,https://bawabha.com/exclusive-interview-with-mr-harshana-dissnayaka-ceo-of-mr-potter-on-dejaya-tv/,live,0,2026-08-25T22:08:19Z,,2026-08-08 00:35:49,2026-08-29
arnold-careersolutions.de,https://www.arnold-careersolutions.de/hello-world/,live,0,2026-08-16T06:02:39Z,,2026-08-08 00:44:17,2026-08-29
bawabha.com,https://bawabha.com/exclusive-interview-with-mr-harshana-dissnayaka-ceo-of-mr-potter-on-dejaya-tv/,live,0,2026-08-25T22:08:19Z,,2026-08-08 01:06:10,2026-08-29
atorie203.com,https://atorie203.com/tougei/sony-dsc-5/,live,0,2026-08-10T17:14:25Z,,2026-08-08 04:40:50,2026-08-29
ace-good.com,https://www.ace-good.com/news/%E6%9C%80%E8%BF%91%E3%81%AE%E5%87%BA%E6%9D%A5%E4%BA%8B/%E3%82%A4%E3%82%AE%E3%83%AA%E3%82%B9%E3%81%AE%E7%89%A9%E4%BE%A1%E9%AB%98%EF%BC%9A%E3%83%9D%E3%83%86%E3%83%88%E3%83%95%E3%83%A9%E3%82%A4%E3%81%8C2000%E5%86%86%EF%BC%81%EF%BC%9F%E7%95%99%E5%AD%A6/,live,0,2026-08-20T23:55:47Z,,2026-08-08 05:00:20,2026-08-29
akbartravels.com,https://www.akbartravels.com/ae/about-city/chicago/#comment-3950,live,0,2026-08-09 02:14:40,2026-08-09 02:14:40,2026-08-08 05:14:52,2026-08-29
ace-good.com,https://www.ace-good.com/news/%E6%9C%80%E8%BF%91%E3%81%AE%E5%87%BA%E6%9D%A5%E4%BA%8B/%E3%82%A4%E3%82%AE%E3%83%AA%E3%82%B9%E3%81%AE%E7%89%A9%E4%BE%A1%E9%AB%98%EF%BC%9A%E3%83%9D%E3%83%86%E3%83%88%E3%83%95%E3%83%A9%E3%82%A4%E3%81%8C2000%E5%86%86%EF%BC%81%EF%BC%9F%E7%95%99%E5%AD%A6/,live,0,2026-08-20T23:55:47Z,,2026-08-08 06:51:51,2026-08-29
akbartravels.com,https://www.akbartravels.com/ae/about-city/chicago/#comment-3971,live,0,2026-08-09 03:48:14,2026-08-09 03:48:14,2026-08-08 06:55:01,2026-08-29
coolsville.se,https://www.coolsville.se/post-with-vimeo-video/,live,0,2026-08-08T15:26:11Z,,2026-08-08 08:08:37,2026-08-29
atorie203.com,https://atorie203.com/tougei/sony-dsc-5/,live,0,2026-08-10T17:14:25Z,,2026-08-08 09:41:24,2026-08-29
camxahoc.com,https://camxahoc.com/kien-thuc/su-that-ve-viec-do-chi-so-bovis-bang-con-lac-cam-xa-ly-giai-su-khac-biet-trong-ket-qua-giua-cac-cam-xa-vien.html,live,0,2026-08-13T14:20:20Z,,2026-08-08 10:32:05,2026-08-29
doctusonline.es,http://doctusonline.es/combate-de-robots/,live,0,2026-08-18T00:56:49Z,,2026-08-08 11:23:08,2026-08-29
bhaukaalnews.com,https://bhaukaalnews.com/chief-minister-gave-instructions-to-the-department-heads-to-fulfill-the-development-targets-till-2025/,live,0,2026-08-10T04:58:30Z,,2026-08-08 11:53:42,2026-08-29
double-zero.org,https://double-zero.org/the-bolivia-edit/,live,0,2026-08-20T18:44:44Z,,2026-08-08 12:31:09,2026-08-29
droosonline.com,https://droosonline.com/4-%D9%86%D8%B5%D8%A7%D8%A6%D8%AD-%D9%85%D9%87%D9%85%D9%87-%D8%B9%D9%86%D8%AF-%D8%A5%D8%AE%D8%AA%D9%8A%D8%A7%D8%B1-%D8%A7%D8%B3%D9%85-%D9%85%D9%88%D9%82%D8%B9%D9%83-%D8%A3%D9%88-%D8%A7%D9%84%D9%80domai/,live,0,2026-08-26T21:36:00Z,,2026-08-08 12:35:31,2026-08-29
cigdemaras.com,https://www.cigdemaras.com/blog/sen-kimsin-kendini-kesfetmen-icin-5-temel-adim/,unknown,0,2026-08-17T02:55:59Z,,2026-08-08 12:45:01,2026-08-29
eidparry.com,https://eidparry.com/about-us/awards-recognitions/16-sankili-2016/,live,0,2026-08-25T10:37:05Z,,2026-08-08 13:32:54,2026-08-29
espaciosepia.com,https://espaciosepia.com/index.php/2023/01/03/hello-world/,unknown,0,2026-08-24T05:29:48Z,,2026-08-08 16:20:07,2026-08-29
ezoterika.me,https://ezoterika.me/gadanie/skolko-budet-detey,live,0,2026-08-13T05:38:41Z,,2026-08-08 16:53:02,2026-08-29
forexcargodeals.com,https://forexcargodeals.com/calgary/hello-world/,live,0,2026-08-20T04:48:07Z,,2026-08-08 17:50:00,2026-08-29
gamedevestonia.ee,https://gamedevestonia.ee/uncategorized/here-is-the-full-list-of-global-gamejam-2022-locations-in-estonia-choose-the-one-that-suits-you-the-most/,live,0,2026-08-22T11:49:51Z,,2026-08-08 18:28:50,2026-08-29
garagesante.com,https://www.garagesante.com/08-activites-estivales-pour-agrementer-tes-vacances,live,0,2026-08-18T00:40:26Z,,2026-08-08 18:34:10,2026-08-29
ahsupports.com.au,https://www.ahsupports.com.au/new-years-resolution-ideas/,live,1,2026-08-12T03:59:55Z,,2026-08-08 19:29:13,2026-08-29
double-zero.org,https://double-zero.org/the-bolivia-edit/,live,0,2026-08-20T18:44:44Z,,2026-08-08 19:56:39,2026-08-29
fiveninedesign.com,http://fiveninedesign.com/2015-mercedes-benz-g63-amg-prior-design-widebody/,live,0,2026-08-15T12:27:46Z,,2026-08-08 20:35:08,2026-08-29
gabassi.com.br,https://www.gabassi.com.br/saulo-chm/,live,0,2026-08-17T17:04:00Z,,2026-08-08 20:40:00,2026-08-29
57-dental.com,https://57-dental.com/what-to-expect-during-a-dental-crown-procedure/,live,0,2026-08-15T19:48:29Z,,2026-08-08 21:57:38,2026-08-29
caughtovgard.com,https://caughtovgard.com/species-173-california-grunion/,lost,0,2026-08-22T09:14:03Z,,2026-08-08 23:19:20,2026-08-29
atelierdendoorn.nl,https://atelierdendoorn.nl/portfolio/schilderijen-naar-waarneming/olympus-digital-camera-6/,live,0,2026-08-25T09:31:20Z,,2026-08-08 23:45:13,2026-08-29
be2c2.fr,https://be2c2.fr/blog-04/,live,0,2026-08-19T16:42:32Z,,2026-08-08 23:50:10,2026-08-29
cubixsys.com,https://cubixsys.com/the-magic-of-flutter-app-exploring-the-basics-of-flutter-games/,live,0,2026-08-16T07:36:22Z,,2026-08-08 23:50:45,2026-08-29
birduganda.com,https://birduganda.com/book-uganda-birding-safaris/davis/,live,0,2026-08-21T00:19:06Z,,2026-08-08 23:54:14,2026-08-29
dewiksproperty.com,https://dewiksproperty.com/rumah-pancoran-mas-depok-dekat-kodim-harga-start-600-juta/,live,0,2026-08-13T19:13:37Z,,2026-08-08 23:55:54,2026-08-29
bursaboyabadana.com,https://bursaboyabadana.com/11-underlying-assumptions-of-digital-literacy/,live,0,2026-08-21T14:42:58Z,,2026-08-09 00:13:14,2026-08-29
chaletsdarbres.fr,https://chaletsdarbres.fr/les-fetes-des-villages-ardechois/,live,0,2026-08-13T19:19:22Z,,2026-08-09 00:30:34,2026-08-29
cubixsys.com,https://cubixsys.com/the-magic-of-flutter-app-exploring-the-basics-of-flutter-games/,live,0,2026-08-16T07:36:22Z,,2026-08-09 00:46:31,2026-08-29
dewiksproperty.com,https://dewiksproperty.com/rumah-pancoran-mas-depok-dekat-kodim-harga-start-600-juta/,unknown,0,2026-08-13T19:13:37Z,,2026-08-09 00:48:31,2026-08-29
arsago.co,https://arsago.co/dt_gallery/pos/,live,0,2026-08-20T04:52:50Z,,2026-08-09 02:48:03,2026-08-29
chateau-de-montaupin.com,https://www.chateau-de-montaupin.com/portfolio/chateau-de-montaupin-4/,live,0,2026-08-17T09:59:58Z,,2026-08-09 03:09:33,2026-08-29
chaletsdarbres.fr,https://chaletsdarbres.fr/les-fetes-des-villages-ardechois/,live,0,2026-08-13T19:19:22Z,,2026-08-09 03:16:39,2026-08-29
gregspeirs.com,https://gregspeirs.com/gallery-5/,live,0,2026-08-17T17:33:17Z,,2026-08-09 04:11:45,2026-08-29
hamsterkaefig24.de,https://hamsterkaefig24.de/hamster-tod/,live,0,2026-08-17T20:50:38Z,,2026-08-09 04:49:10,2026-08-29
eidparry.com,https://eidparry.com/about-us/awards-recognitions/16-sankili-2016/,live,0,2026-08-25T10:37:05Z,,2026-08-09 04:58:23,2026-08-29
hardrockchick.com,https://hardrockchick.com/rock-you-like-a-hurricane-scorpions-skid-row-zappos-theater-at-planet-hollywood-las-vegas/,lost,0,2026-08-16T11:44:33Z,,2026-08-09 05:04:51,2026-08-29
hca-castrop.de,https://hca-castrop.de/projektwoche-2015-fit-in-den-fruehling/img_1862-150x150/,live,0,2026-08-20T18:47:52Z,,2026-08-09 05:12:12,2026-08-29
heladu.me,http://www.heladu.me/bemer-behandlingskonsultation-och-prova-pa-i-samband-med-annan-bokning/,live,0,2026-08-21T18:40:53Z,,2026-08-09 05:17:46,2026-08-29
emsartscene.com,https://emsartscene.com/bioperversity-nicodim-gallery-los-angeles-photos/,live,0,2026-08-16T06:07:09Z,,2026-08-09 05:33:40,2026-08-29
hindinumber.in,https://hindinumber.in/paglu-game-login,live,0,2026-08-19T04:01:39Z,,2026-08-09 05:37:27,2026-08-29
espaciosepia.com,https://espaciosepia.com/index.php/2023/01/03/hello-world/,unknown,0,2026-08-24T05:29:48Z,,2026-08-09 05:51:12,2026-08-29
eusebiocanovas.com,https://www.eusebiocanovas.com/forest-perspectives/,live,0,2026-08-11T14:23:03Z,,2026-08-09 05:58:58,2026-08-29
hurricanedigital.com.au,https://hurricanedigital.com.au/importance-clear-concise-website-content/,live,0,2026-08-18T20:55:25Z,,2026-08-09 08:19:40,2026-08-29
ijetheworldtraveler.com,https://ijetheworldtraveler.com/the-lords-prayer/,live,0,2026-08-18T00:00:45Z,,2026-08-09 08:29:04,2026-08-29
illiceuniversal.com,https://illiceuniversal.com/exploring-the-fusion-of-colors-textures-in-modern-interior-design/,live,0,2026-08-14T21:21:04Z,,2026-08-09 08:32:53,2026-08-29
ezoterika.me,https://ezoterika.me/gadanie/skolko-budet-detey,live,0,2026-08-13T05:38:41Z,,2026-08-09 09:07:56,2026-08-29
itinkorea.com,https://itinkorea.com/sourcing-audio-for-your-promo-video/,live,0,2026-08-22T10:35:47Z,,2026-08-09 12:57:50,2026-08-29
jaibharathnews.com,https://jaibharathnews.com/%E0%B0%B5%E0%B0%BF%E0%B0%AE%E0%B0%BE%E0%B0%A8%E0%B0%82-%E0%B0%9F%E0%B1%87%E0%B0%95%E0%B0%BE%E0%B0%AB%E0%B1%8D-%E0%B0%95%E0%B0%BE%E0%B0%97%E0%B0%BE%E0%B0%A8%E0%B1%87-%E0%B0%8A%E0%B0%A1/,live,0,2026-08-22T13:35:42Z,,2026-08-09 13:15:46,2026-08-29
jardinonssolvivant.fr,https://jardinonssolvivant.fr/essais-couverts-vegetaux/,live,0,2026-08-10T15:08:44Z,,2026-08-09 13:19:42,2026-08-29
jilikoko.ph,https://jilikoko.ph/jiliko-registration/,live,0,2026-08-15T12:51:44Z,,2026-08-09 13:27:38,2026-08-29
jkv-media.de,https://www.jkv-media.de/hello-world/,unknown,0,2026-08-18T12:10:23Z,,2026-08-09 13:33:54,2026-08-29
johnandtrish.com,https://johnandtrish.com/about-us/jnt_tree-copy/,lost,0,2026-08-25T14:12:43Z,,2026-08-09 13:43:09,2026-08-29
juanjosanpedro.es,http://juanjosanpedro.es/quote/,live,0,2026-08-17T08:44:43Z,,2026-08-09 14:00:04,2026-08-29
keyopsfoundation.org,http://keyopsfoundation.org/icon1/,live,0,2026-08-15T03:42:18Z,,2026-08-09 14:47:22,2026-08-29
gregspeirs.com,https://gregspeirs.com/gallery-5/,live,0,2026-08-17T17:33:17Z,,2026-08-09 14:50:06,2026-08-29
guarantanews.com.br,https://guarantanews.com.br/sao-paulo-vence-juventude-e-se-mantem-no-brasileiro-da-serie-a.html,live,0,2026-08-22T02:33:15Z,,2026-08-09 15:05:07,2026-08-29
habarileo.co.tz,https://habarileo.co.tz/mwelekeo-mpya-wa-habari-za-michezo-nchini/,live,0,2026-08-19T02:56:26Z,,2026-08-09 15:13:31,2026-08-29
kimkaradesign.com,https://kimkaradesign.com/the-mixed-messages-of-paris-menswear/,live,0,2026-08-18T02:40:07Z,,2026-08-09 15:48:44,2026-08-29
kinkstarter.space,https://kinkstarter.space/geeky-sex-toys-2/,live,0,2026-08-11T11:03:59Z,,2026-08-09 15:50:58,2026-08-29
kinogos.ru,http://kinogos.ru/samye-ozhidaemye-premery-goda/,live,0,2026-08-21T20:51:55Z,,2026-08-09 16:03:15,2026-08-29
koi-consult.de,https://koi-consult.de/photoalben/koiteich-jungnischke-september-2014/,live,0,2026-08-11T05:10:25Z,,2026-08-09 16:19:21,2026-08-29
lacasadebarber.fi,https://www.lacasadebarber.fi/kymmenen-kysymysta-jotka-kannattaa-esittaa-parturille-ennen-leikkuuta/,live,0,2026-08-18T01:18:02Z,,2026-08-09 16:38:49,2026-08-29
lara-project.eu,https://www.lara-project.eu/german-research-center-for-artificial-intelligence-dfki/dfki/,live,0,2026-08-20T12:14:48Z,,2026-08-09 16:48:30,2026-08-29
lionawakener.com,https://lionawakener.com/ep-07-from-engaged-and-secure-to-single-and-broke/,live,0,2026-08-15T09:21:48Z,,2026-08-09 17:30:49,2026-08-29
lizjalkiewicz.com,https://lizjalkiewicz.com/red-raspberry-sauce/,live,0,2026-08-17T16:06:41Z,,2026-08-09 17:44:40,2026-08-29
lotton.nu,https://www.lotton.nu/dubbla-arbetskollegor-tog-hem-miljonvinster/,live,0,2026-08-13T22:03:47Z,,2026-08-09 17:56:10,2026-08-29
ijetheworldtraveler.com,https://ijetheworldtraveler.com/the-lords-prayer/,live,0,2026-08-18T00:00:45Z,,2026-08-09 18:32:57,2026-08-29
art-aspects.de,https://art-aspects.de/treffen-mit-c-garcia/,live,0,2026-08-19T19:46:13Z,,2026-08-09 18:37:20,2026-08-29
brasddp.com,https://brasddp.com/bras_ddp_01/,live,0,2026-08-12T13:03:05Z,,2026-08-09 19:03:02,2026-08-29
brightpathgrp.com,https://brightpathgrp.com/what-documentation-is-required-for-a-section-125-plan/,live,0,2026-08-22T06:10:00Z,,2026-08-09 19:17:13,2026-08-29
campingoase-reindl.de,https://www.campingoase-reindl.de/dcim100mediadji_0016-jpg,live,0,2026-08-15T05:28:46Z,,2026-08-09 19:19:52,2026-08-29
coms360.ph,https://coms360.ph/project/the-reach-project-connecting-bloggers-with-the-right-audience/,live,0,2026-08-26T21:32:59Z,,2026-08-09 19:23:35,2026-08-29
concreterepairtampa.com,https://concreterepairtampa.com/cost-of-concrete-in-tampa/,unknown,0,2026-08-10T14:22:56Z,,2026-08-09 19:24:48,2026-08-29
decesaredesigngroup.com,https://decesaredesigngroup.com/my-gallery-post/,live,0,2026-08-15T15:35:16Z,,2026-08-09 19:27:45,2026-08-29
kokteiliai.net,https://kokteiliai.net/kokteilis/sex-on-the-beach/,live,0,2026-08-11T01:40:50Z,,2026-08-09 19:53:58,2026-08-29
latigrapro.com,https://latigrapro.com/creadora-integral-la-clave-para-potenciar-tu-carrera-en-la-era-digital/,live,0,2026-08-17T07:59:28Z,,2026-08-09 19:56:01,2026-08-29
bronsmile.ch,https://bronsmile.ch/archive/3325,live,0,2026-08-23T08:41:04Z,,2026-08-09 21:50:08,2026-08-29
drmarkhuddleston.com,https://drmarkhuddleston.com/several-reasons-why-you-are-always-broke/,live,0,2026-08-17T12:47:25Z,,2026-08-09 22:02:08,2026-08-29
globalblogshub.com,https://globalblogshub.com/epic-power-of-education-and-transformation-article/,live,0,2026-08-18T21:53:58Z,,2026-08-09 22:26:46,2026-08-29
maidservice.co.in,https://maidservice.co.in/hello-world/,live,0,2026-08-10T20:06:41Z,,2026-08-09 23:08:59,2026-08-29
cogentink.com,https://cogentink.com/training-at-nm-balwa-school-chaapi-ahmedabad/,live,0,2026-08-13T10:01:20Z,,2026-08-10 01:37:29,2026-08-29
infinmobile.com,https://infinmobile.com/a-strategic-approach-to-mobile-app-development-solutions-in-2024/,live,0,2026-08-17T06:59:53Z,,2026-08-10 02:13:21,2026-08-29
kitbluedesign.com,https://kitbluedesign.com/reforma-bano-en-banyeres-del-penedes-tarragona/,live,0,2026-08-23T20:08:19Z,,2026-08-10 02:24:52,2026-08-29
markazquba.com,https://markazquba.com/photodune-2271286-pure-sexy-m/,live,0,2026-08-15T18:21:58Z,,2026-08-10 02:40:37,2026-08-29
mascothoi.com,https://mascothoi.com/mascot-hoi-xuong-san-xuat-mascot-gia-re-chat-luong-vuon-tam/,live,0,2026-08-11T16:46:00Z,,2026-08-10 02:50:10,2026-08-29
maskanusa.com,https://maskanusa.com/13497/,live,0,2026-08-18T21:54:56Z,,2026-08-10 02:53:01,2026-08-29
adogsdreampetservice.com,https://adogsdreampetservice.com/how-to-keep-your-senior-dog-fit-healthy/,live,0,2026-08-14T13:43:20Z,,2026-08-10 03:38:09,2026-08-29
md-digitalsolutions.com,https://md-digitalsolutions.com/hello-world/,live,0,2026-08-17T15:44:02Z,,2026-08-10 04:08:24,2026-08-29
meghdutamfoundation.org,https://meghdutamfoundation.org/hello-world/,live,0,2026-08-11T16:30:33Z,,2026-08-10 04:31:55,2026-08-29
campingoase-reindl.de,https://www.campingoase-reindl.de/dcim100mediadji_0016-jpg,live,0,2026-08-15T05:28:46Z,,2026-08-10 04:50:51,2026-08-29
milarquitectos.com,https://milarquitectos.com/10-estudios-arquitectura-en-madrid/,live,0,2026-08-14T14:46:52Z,,2026-08-10 04:57:26,2026-08-29
cogentink.com,https://cogentink.com/training-at-nm-balwa-school-chaapi-ahmedabad/,live,0,2026-08-13T10:01:20Z,,2026-08-10 05:05:46,2026-08-29
colegiudrochia.info,https://colegiudrochia.info/la-colegiu-vin-cu-drag/,live,0,2026-08-20T03:46:54Z,,2026-08-10 05:10:03,2026-08-29
coms360.ph,https://coms360.ph/project/the-reach-project-connecting-bloggers-with-the-right-audience/,live,0,2026-08-26T21:32:59Z,,2026-08-10 05:12:14,2026-08-29
monitorrynkowy.pl,https://monitorrynkowy.pl/fizyka-astronomia-informatyka-stosowana/,live,0,2026-08-19T16:52:56Z,,2026-08-10 05:49:01,2026-08-29
msanborn.com,https://www.msanborn.com/new-boardgame-design-underway/,lost,0,2026-08-17T16:02:36Z,,2026-08-10 06:45:13,2026-08-29
teresablog.com,https://www.teresablog.com/blog/post/vietnam-paradise-cave,live,0,2026-08-13T13:28:55Z,,2026-08-10 09:58:39,2026-08-29
bensonyerima.com,https://bensonyerima.com/2020/11/fatal-unrecognized-configuration-parameter-unix_socket_directory/,live,0,2026-08-26T01:35:12Z,,2026-08-10 10:14:00,2026-08-29
kyu.ac.ug,https://kyu.ac.ug/kyambogo-university-focuses-on-infrastructure-development/,live,0,2026-08-19T08:16:01Z,,2026-08-10 12:52:24,2026-08-29
pagetable.com,https://www.pagetable.com/?p=39,live,0,2026-08-25T15:39:11Z,,2026-08-10 15:25:16,2026-08-29
bensonyerima.com,https://bensonyerima.com/2020/11/fatal-unrecognized-configuration-parameter-unix_socket_directory/,live,0,2026-08-26T01:35:12Z,,2026-08-10 16:50:23,2026-08-29
royalmt.com.np,https://royalmt.com.np/blog/holiday-in-nepal-in-at-home-abroad/,unknown,0,2026-08-12T12:07:26Z,,2026-08-10 17:24:56,2026-08-29
charles-gallen.ie,https://charles-gallen.ie/news-item-1/,unknown,0,2026-08-10T19:55:14Z,,2026-08-10 18:01:52,2026-08-29
teresablog.com,https://www.teresablog.com/blog/post/vietnam-paradise-cave,live,0,2026-08-13T13:28:55Z,,2026-08-10 18:56:27,2026-08-29
senioragir.fr,https://senioragir.fr/canicule-et-seniors-astuces-pour-une-ete-en-securite/,live,0,2026-08-16T07:06:20Z,,2026-08-10 20:33:46,2026-08-29
globalseedsavers.org,https://globalseedsavers.org/gssp-community-meet-efren/,live,0,2026-08-18T08:51:18Z,,2026-08-10 22:23:14,2026-08-29
charles-gallen.ie,https://charles-gallen.ie/news-item-1/,unknown,0,2026-08-24T19:31:37Z,,2026-08-10 22:24:56,2026-08-29
damasklove.com,https://damasklove.com/paint-tips-bloggers/_mg_2153/,live,0,2026-08-23T08:38:21Z,,2026-08-10 22:49:16,2026-08-29
damasklove.com,https://damasklove.com/paint-tips-bloggers/_mg_2153/,live,0,2026-08-23T08:38:21Z,,2026-08-10 22:54:51,2026-08-29
sas-lining.co.uk,https://sas-lining.co.uk/smart-road-marking-enhancing-road-safety-and-optimising-traffic-flow/#comme,live,0,2026-08-12 06:35:07,2026-08-12 06:35:07,2026-08-10 23:55:16,2026-08-29
freestyleacademy.rocks,https://freestyleacademy.rocks/~NevoS/2018/03/08/narrative-project/,live,0,2026-08-25T18:31:34Z,,2026-08-11 01:04:41,2026-08-29
picoyplacamedellin.com,https://picoyplacamedellin.com/dudas-frecuentes-sobre-las-restricciones-de-movilidad/,live,0,2026-08-23T19:11:38Z,,2026-08-11 01:06:27,2026-08-29
picoyplacamedellin.com,https://picoyplacamedellin.com/dudas-frecuentes-sobre-las-restricciones-de-movilidad/,live,0,2026-08-23T19:11:38Z,,2026-08-11 01:19:00,2026-08-29
jacofallthings.com,https://jacofallthings.com/how-to-remove-strawberry-stains-from-clothes-strawberry-stain-removal/,live,0,2026-08-25T17:34:32Z,,2026-08-11 01:20:17,2026-08-29
dudestartsquilting.de,http://dudestartsquilting.de/wilmaaaaaaaaa-wo-ist-mein-leseknochen/,live,0,2026-08-12T08:35:33Z,,2026-08-11 03:39:37,2026-08-29
decesaredesigngroup.com,https://decesaredesigngroup.com/my-gallery-post/,live,0,2026-08-15T15:35:16Z,,2026-08-11 03:48:17,2026-08-29
herodion.co.il,https://herodion.co.il/a-place-for-a-bar-mitzvah-party/,live,0,2026-08-18T14:27:55Z,,2026-08-11 03:58:44,2026-08-29
kopeikavdom.ru,https://kopeikavdom.ru/samye-pribylnye-strategii-zarabotka/,live,0,2026-08-25T15:37:23Z,,2026-08-11 04:21:58,2026-08-29
loscampesinoslanzarote.com,http://loscampesinoslanzarote.com/while-my-guitar-gently-weeps/,live,0,2026-08-25T18:55:28Z,,2026-08-11 04:29:47,2026-08-29
getyourclassic.com,https://getyourclassic.com/rennsport-reunion-7/,live,0,2026-08-19T20:00:00Z,,2026-08-11 07:43:37,2026-08-29
neulandschule.com,https://www.neulandschule.com/excel-aufbau-band-1/effizient-nutzen/,live,0,2026-08-18T15:57:56Z,,2026-08-11 08:04:46,2026-08-29
newsonthebrews.com,https://newsonthebrews.com/craft-beer-vs-commercial-beer/,unknown,0,2026-08-13T22:22:12Z,,2026-08-11 08:29:42,2026-08-29
nfr-nmra.org,https://nfr-nmra.org/mortimerjunction_logo1/,live,0,2026-08-23T16:33:45Z,,2026-08-11 08:38:57,2026-08-29
hurricanedigital.com.au,https://hurricanedigital.com.au/importance-clear-concise-website-content/,live,0,2026-08-18T20:55:25Z,,2026-08-11 09:42:28,2026-08-29
infinmobile.com,https://infinmobile.com/a-strategic-approach-to-mobile-app-development-solutions-in-2024/,live,0,2026-08-17T06:59:53Z,,2026-08-11 09:46:51,2026-08-29
novanoc.pl,https://novanoc.pl/lorem-ipsum-dolor-sit-amet-4/,live,0,2026-08-18T10:07:37Z,,2026-08-11 09:48:09,2026-08-29
nswr.it,https://www.nswr.it/4-ottobre-2020/,lost,0,2026-08-16T10:32:43Z,,2026-08-11 09:56:06,2026-08-29
offmetro.com,https://offmetro.com/world/31754/inflatable-tents-for-camping-what-you-need-to-know-before-buying/,live,0,2026-08-22T11:32:12Z,,2026-08-11 10:15:18,2026-08-29
oranjecomitehoenderloo.nl,https://oranjecomitehoenderloo.nl/hoenderloo-heeft-een-jaar-lang-een-schutterkoningin/,live,0,2026-08-14T09:32:29Z,,2026-08-11 10:48:30,2026-08-29
iwin881.com,https://iwin881.com/lieng/,live,0,2026-08-27T20:42:46Z,,2026-08-11 10:54:03,2026-08-29
partyevents.in,https://partyevents.in/toy-train-on-rent/,live,0,2026-08-16T13:14:00Z,,2026-08-11 11:56:52,2026-08-29
passover.biz,https://www.passover.biz/national-library-of-israel-buys-vast-library-of-rare-jewish-books/,live,0,2026-08-17T22:31:02Z,,2026-08-11 12:00:56,2026-08-29
johnandtrish.com,https://johnandtrish.com/about-us/jnt_tree-copy/,lost,0,2026-08-25T14:12:43Z,,2026-08-11 12:10:36,2026-08-29
juanjosanpedro.es,http://juanjosanpedro.es/category/sin-categorizar/,lost,0,2026-08-11T17:19:13Z,,2026-08-11 12:32:03,2026-08-29
keyopsfoundation.org,http://keyopsfoundation.org/icon1/#comment-4272929,live,0,2026-08-13 03:44:00,2026-08-13 03:44:00,2026-08-11 15:28:49,2026-08-29
kinkstarter.space,https://kinkstarter.space/geeky-sex-toys-2/,live,0,2026-08-25T10:57:04Z,,2026-08-11 15:37:37,2026-08-29
lepetiteats.com,https://lepetiteats.com/chocolate-olive-oil-cake-with-blood-orange-glaze/,live,0,2026-08-17T12:09:00Z,,2026-08-11 15:58:05,2026-08-29
kopeikavdom.ru,https://kopeikavdom.ru/samye-pribylnye-strategii-zarabotka/,live,0,2026-08-25T15:37:23Z,,2026-08-11 16:09:37,2026-08-29
lara-project.eu,https://www.lara-project.eu/german-research-center-for-artificial-intelligence-dfki/dfki/,live,0,2026-08-20T12:14:48Z,,2026-08-11 16:51:48,2026-08-29
latigrapro.com,https://latigrapro.com/creadora-integral-la-clave-para-potenciar-tu-carrera-en-la-era-digital/,live,0,2026-08-17T07:59:28Z,,2026-08-11 16:56:39,2026-08-29
jetskirentalbali.com,https://jetskirentalbali.com/jet-ski-rental-price/,live,0,2026-08-17T20:10:21Z,,2026-08-11 18:28:08,2026-08-29
pj-kraamzorgrotterdam.nl,https://pj-kraamzorgrotterdam.nl/hello-world/,live,0,2026-08-17T14:13:32Z,,2026-08-11 18:30:07,2026-08-29
wholesalesuiteplugin.com,https://wholesalesuiteplugin.com/wholesale-price/,lost,0,2026-08-19T05:48:42Z,,2026-08-11 18:32:50,2026-08-29
inselverein-protzen.de,https://inselverein-protzen.de/uncategorized/1-vorstandssitzung-2023/,live,0,2026-08-17T08:33:17Z,,2026-08-11 19:00:51,2026-08-29
lionawakener.com,https://lionawakener.com/ep-07-from-engaged-and-secure-to-single-and-broke/,live,0,2026-08-15T09:21:48Z,,2026-08-11 19:48:50,2026-08-29
lotton.nu,https://www.lotton.nu/dubbla-arbetskollegor-tog-hem-miljonvinster/,live,0,2026-08-13T22:03:47Z,,2026-08-11 20:03:56,2026-08-29
howinsights.org,https://howinsights.org/decoding-facial-aesthetics-with-how-attractive-am-i-ai/#comment-92062,live,0,2026-08-13 03:44:00,2026-08-13 03:44:00,2026-08-11 22:30:28,2026-08-29
maidservice.co.in,https://maidservice.co.in/hello-world/,live,0,2026-08-24T20:02:22Z,,2026-08-11 23:15:42,2026-08-29
amitoje.com,https://amitoje.com/blog/a-foldable-premium-floor-standing-display-unit-fsdu-007-fsu/,live,0,2026-08-20T15:23:47Z,,2026-08-11 23:38:38,2026-08-29
petitapetitproduction.com,http://petitapetitproduction.com/antibes-entre-deux-v/,live,0,2026-08-20T02:28:08Z,,2026-08-11 23:46:09,2026-08-29
markazquba.com,https://markazquba.com/photodune-2271286-pure-sexy-m/#comment-20329,live,0,2026-08-13 03:44:00,2026-08-13 03:44:00,2026-08-11 23:52:22,2026-08-29
usteckeforum.cz,https://www.usteckeforum.cz/modern-sidebar/,unknown,0,2026-08-18T14:43:20Z,,2026-08-12 01:41:24,2026-08-29
betavaktion.com,https://betavaktion.com/how-to-prepare-vegetable-soup-with-ugu/,live,0,2026-08-17T19:53:43Z,,2026-08-12 02:28:53,2026-08-29
mascothoi.com,https://mascothoi.com/mascot-hoi-xuong-san-xuat-mascot-gia-re-chat-luong-vuon-tam/,live,0,2026-08-25T17:09:24Z,,2026-08-12 02:52:23,2026-08-29
jetskirentalbali.com,https://jetskirentalbali.com/jet-ski-rental-price/,live,0,2026-08-17T20:10:21Z,,2026-08-12 03:06:23,2026-08-29
jamiegold.com,https://jamiegold.com/2018/09/variety-charity-poker-night-2018/,live,0,2026-08-14T09:38:15Z,,2026-08-12 03:10:34,2026-08-29
petitapetitproduction.com,http://petitapetitproduction.com/antibes-entre-deux-v/,live,0,2026-08-20T02:28:08Z,,2026-08-12 03:53:26,2026-08-29
tantech.ie,https://tantech.ie/tantech-video-conferencing-management/,live,0,2026-08-22T05:30:23Z,,2026-08-12 04:18:50,2026-08-29
usteckeforum.cz,https://www.usteckeforum.cz/modern-sidebar/,unknown,0,2026-08-18T14:43:20Z,,2026-08-12 06:03:38,2026-08-29
elantzen.eus,https://elantzen.eus/nor-da-simone-biles-kirmen-uribe/,live,0,2026-08-15T11:16:14Z,,2026-08-12 07:05:55,2026-08-29
breakplateaus.com,https://breakplateaus.com/acceptance-before-strategy/,unknown,0,2026-08-18T02:40:05Z,,2026-08-12 07:24:00,2026-08-29
casacar.fr,https://casacar.fr/dramatically-integrate-viral-technologies/,live,0,2026-08-13T09:51:54Z,,2026-08-12 07:47:18,2026-08-29
darshanvyas.in,https://darshanvyas.in/try-the-new-product/,live,0,2026-08-13T21:19:52Z,,2026-08-12 09:55:25,2026-08-29
elantzen.eus,https://elantzen.eus/nor-da-simone-biles-kirmen-uribe/,live,0,2026-08-15T11:16:14Z,,2026-08-12 10:30:01,2026-08-29
motioninartmedia.com,https://motioninartmedia.com/black-dynamite-movie-review/,live,0,2026-08-14T10:59:10Z,,2026-08-12 10:52:49,2026-08-29
tantech.ie,https://tantech.ie/tantech-video-conferencing-management/,live,0,2026-08-22T05:30:23Z,,2026-08-12 11:09:48,2026-08-29
maggenealogie-arbresethistoires.com,https://maggenealogie-arbresethistoires.com/a-chacun-sa-croix/,lost,0,2026-08-22T01:07:59Z,,2026-08-12 11:16:08,2026-08-29
breakplateaus.com,https://breakplateaus.com/acceptance-before-strategy/,unknown,0,2026-08-18T02:40:05Z,,2026-08-12 11:47:30,2026-08-29
seattlefoodgeek.com,https://seattlefoodgeek.com/2009/09/review-the-counter/,live,0,2026-08-14T08:03:14Z,,2026-08-12 12:14:48,2026-08-29
nfr-nmra.org,https://nfr-nmra.org/mortimerjunction_logo1/,live,0,2026-08-23T16:33:45Z,,2026-08-12 12:44:09,2026-08-29
theorionsolar.com,https://www.theorionsolar.com/solar-power-vs-fossil-fuels-the-energy-revolution/,live,1,2026-08-22T17:04:22Z,,2026-08-12 12:51:34,2026-08-29
yachtslinger.com,https://yachtslinger.com/the-ultimate-guide-to-yacht-maintenance-and-management/#comment-3981,live,0,2026-08-13 03:44:00,2026-08-13 03:44:00,2026-08-12 13:07:59,2026-08-29
psarlington.org,https://psarlington.org/lyre-2/,live,0,2026-08-18T00:35:37Z,,2026-08-12 13:17:59,2026-08-29
deborahwillarddesign.com,http://deborahwillarddesign.com/friday-december-21-2012/,live,0,2026-08-13T06:21:33Z,,2026-08-12 13:23:00,2026-08-29
dennismichael.ca,https://dennismichael.ca/about/,live,0,2026-08-17T03:16:48Z,,2026-08-12 13:45:42,2026-08-29
kannurwestbeachhouse.com,https://kannurwestbeachhouse.com/family-homestay-in-kannur/,live,0,2026-08-13T09:18:16Z,,2026-08-12 14:05:26,2026-08-29
montyslandscapingservices.com,https://montyslandscapingservices.com/hello-world/,live,0,2026-08-17T17:45:51Z,,2026-08-12 14:26:04,2026-08-29
levisoldani.com.ar,https://levisoldani.com.ar/teslas-autopilot-system-is-awesome-and-creepy-and-a-sign-of-a-beautiful-future/,live,0,2026-08-18T06:47:28Z,,2026-08-12 14:26:17,2026-08-29
peeta.fi,https://peeta.fi/hello-world/,live,0,2026-08-17T03:24:47Z,,2026-08-12 14:36:31,2026-08-29
saconsulting.tv,https://saconsulting.tv/hello-world/,live,0,2026-08-19T21:28:14Z,,2026-08-12 14:42:11,2026-08-29
statuesqueevents.com,https://statuesqueevents.com/sam_3943-1984080178-o/,live,0,2026-08-12T18:23:38Z,,2026-08-12 14:45:53,2026-08-29
denieliaspiesportfolio.com,https://denieliaspiesportfolio.com/2018/12/,lost,0,2026-08-15T00:15:22Z,,2026-08-12 15:38:44,2026-08-29
riesberghof.de,https://riesberghof.de/anfahrt/,live,0,2026-08-15T22:30:40Z,,2026-08-12 15:50:42,2026-08-29
psarlington.org,https://psarlington.org/lyre-2/,live,0,2026-08-18T00:35:37Z,,2026-08-12 15:55:35,2026-08-29
dennismichael.ca,https://dennismichael.ca/about/,live,0,2026-08-17T03:16:48Z,,2026-08-12 16:05:25,2026-08-29
chadmast.com,http://www.chadmast.com/stories/jason/comment-page-25/,live,0,2026-08-22T01:31:18Z,,2026-08-12 16:19:01,2026-08-29
denieliaspiesportfolio.com,https://denieliaspiesportfolio.com/2018/12/,lost,0,2026-08-15T00:15:22Z,,2026-08-12 16:34:59,2026-08-29
mediajaringsport.id,https://mediajaringsport.id/keunggulan-rumput-sintetis/,live,0,2026-08-17T18:15:47Z,,2026-08-12 16:49:17,2026-08-29
melissabehring.com,https://melissabehring.com/john-mayer-solo/,live,0,2026-08-26T14:41:08Z,,2026-08-12 16:53:03,2026-08-29
montyslandscapingservices.com,https://montyslandscapingservices.com/hello-world/,live,0,2026-08-17T17:45:51Z,,2026-08-12 16:58:30,2026-08-29
grupoatalho.pt,https://grupoatalho.pt/menus/wild-mushroom-bucatini-with-kale/,live,1,2026-08-13T16:25:36Z,,2026-08-12 17:15:29,2026-08-29
kannurwestbeachhouse.com,https://kannurwestbeachhouse.com/family-homestay-in-kannur/,live,0,2026-08-13T09:18:16Z,,2026-08-12 17:21:33,2026-08-29
peeta.fi,https://peeta.fi/hello-world/,live,0,2026-08-17T03:24:47Z,,2026-08-12 17:26:09,2026-08-29
saconsulting.tv,https://saconsulting.tv/hello-world/,live,0,2026-08-19T21:28:14Z,,2026-08-12 17:29:47,2026-08-29
statuesqueevents.com,https://statuesqueevents.com/sam_3943-1984080178-o/,live,0,2026-08-12T18:23:38Z,,2026-08-12 17:32:46,2026-08-29
toolshow.com,https://toolshow.com/power-tool-voltages-still-confusing-pros-is-20v-max-more-powerful-than-18v/,live,0,2026-08-16T12:43:45Z,,2026-08-12 17:40:22,2026-08-29
childrensermons.com,http://childrensermons.com/livebyfaith-portugues/,unknown,0,2026-08-19T17:58:16Z,,2026-08-12 18:26:50,2026-08-29
thefebruaryfox.com,https://thefebruaryfox.com/5-things-i-love-about-my-cricut-explore-air-2-diy-snowball-fight-bucket/,live,0,2026-08-23T18:50:58Z,,2026-08-12 18:27:26,2026-08-29
obaatiwah.com,https://www.obaatiwah.com/joe-biden-issues-record-setting-presidential-mercy-sparking-cntroversy/,unknown,0,2026-08-18T06:10:04Z,,2026-08-12 18:34:47,2026-08-29
thefebruaryfox.com,https://thefebruaryfox.com/5-things-i-love-about-my-cricut-explore-air-2-diy-snowball-fight-bucket/,live,0,2026-08-23T18:50:58Z,,2026-08-12 19:56:31,2026-08-29
mankabros.com,https://mankabros.com/blogs/vidar/2024/04/09/my-uncles-in-the-guitar-the-worst-sitcom-ever-made-retro-review-from-globe-magazine-april-1986/globe_400/,live,0,2026-08-15T20:47:48Z,,2026-08-12 20:02:19,2026-08-29
aronhack.com,https://aronhack.com/zh/llm-friendly-documentation-creating-content-that-ai-can-understand-and-process-effectively-zh/,unknown,0,2026-08-20T13:10:38Z,,2026-08-12 20:50:44,2026-08-29
smartup.co.il,https://smartup.co.il/blog/ai-automation-irreplaceable/,live,0,2026-08-24T09:02:52Z,,2026-08-12 20:53:13,2026-08-29
stonetransport.co.nz,https://stonetransport.co.nz/things-you-can-do-to-refresh-your-home-this-weekend/,live,0,2026-08-23T09:28:25Z,,2026-08-12 21:25:51,2026-08-29
sannhuakobler.com,https://sannhuakobler.com/san-nhua-da-thach-anh-kobler/,unknown,0,2026-08-16T09:02:58Z,,2026-08-12 23:18:50,2026-08-29
sciammarellatango.com,https://sciammarellatango.com/mujeres-en-la-ciudad/,live,0,2026-08-21T15:33:30Z,,2026-08-12 23:21:29,2026-08-29
ssagrawal.org,https://www.ssagrawal.org/blog/master-your-tech-career-choose-the-right-mca-college-in-navsari/,live,0,2026-08-21T16:53:16Z,,2026-08-12 23:26:13,2026-08-29
aronhack.com,https://aronhack.com/zh/llm-friendly-documentation-creating-content-that-ai-can-understand-and-process-effectively-zh/,unknown,0,2026-08-20T13:10:38Z,,2026-08-12 23:27:27,2026-08-29
smartup.co.il,https://smartup.co.il/blog/ai-automation-irreplaceable/,live,0,2026-08-24T09:02:52Z,,2026-08-12 23:29:05,2026-08-29
stonetransport.co.nz,https://stonetransport.co.nz/things-you-can-do-to-refresh-your-home-this-weekend/,live,0,2026-08-23T09:28:25Z,,2026-08-12 23:45:09,2026-08-29
africafortomorrow.com,https://africafortomorrow.com/phone-x-png,unknown,0,2026-08-25T11:00:47Z,,2026-08-13 00:14:52,2026-08-29
thefabcode.com,https://thefabcode.com/best-online-reputation-management-service-2023/,live,0,2026-08-17T22:32:50Z,,2026-08-13 00:36:12,2026-08-29
sheevo.com,http://sheevo.com/mastering-adaptability-and-thrive-in-the-workplace/,live,0,2026-08-17T07:15:43Z,,2026-08-13 00:39:31,2026-08-29
eatatfoodies.com,https://eatatfoodies.com/closing-hours-may-vary-depending-on-the-flow-of-business-we-apologies-for-any-inconvenience-please-call-ahead-to-confirm/,live,0,2026-08-22T14:01:54Z,,2026-08-13 00:55:25,2026-08-29
spacioblanco.com,https://www.spacioblanco.com/descuentos20/,live,0,2026-08-14T10:24:07Z,,2026-08-13 01:02:37,2026-08-29
themextravel.com,https://themextravel.com/agreement/,live,0,2026-08-26T18:10:12Z,,2026-08-13 01:06:07,2026-08-29
ddavisdesign.com,https://ddavisdesign.com/project/legal-department-conference-room/nbcu-legal-department-conference-room/,live,0,2026-08-25T22:30:11Z,,2026-08-13 01:06:49,2026-08-29
sheevo.com,http://sheevo.com/mastering-adaptability-and-thrive-in-the-workplace/,live,0,2026-08-17T07:15:43Z,,2026-08-13 02:12:24,2026-08-29
5x5lab.com,https://5x5lab.com/meet-founder-5x5-lab-john-karling/,live,0,2026-08-18T00:00:11Z,,2026-08-13 02:15:07,2026-08-29
ddavisdesign.com,https://ddavisdesign.com/project/legal-department-conference-room/nbcu-legal-department-conference-room/,live,0,2026-08-25T22:30:11Z,,2026-08-13 02:34:19,2026-08-29
forummalta.org,https://forummalta.org/for-u-m-conference-workers-day-2025/,live,0,2026-08-13T13:35:04Z,,2026-08-13 02:50:08,2026-08-29
a2zroad.com,https://a2zroad.com/pulun-ella-waterfall/,live,0,2026-08-21T02:39:14Z,,2026-08-13 05:28:29,2026-08-29
onelastpicture.com,https://www.onelastpicture.com/something-wicked-music-festival,live,0,2026-08-25T19:37:12Z,,2026-08-13 05:37:50,2026-08-29
alfonso.co.il,https://www.alfonso.co.il/%D7%A4%D7%9C%D7%98%D7%AA-%D7%99%D7%A8%D7%A7%D7%95%D7%AA/,lost,0,2026-08-18T01:41:10Z,,2026-08-13 05:39:05,2026-08-29
studenthostel.campus.ee,https://studenthostel.campus.ee/tere-tere/,live,0,2026-08-13T12:52:12Z,,2026-08-13 05:46:47,2026-08-29
kienxinh.net,https://kienxinh.net/gia-chu-nuoc-ngoai-trong-truc-kin-nha-4-tang-o-sai-gon/,live,0,2026-08-25T15:39:03Z,,2026-08-13 05:51:25,2026-08-29
maestrokontraktor.com,https://maestrokontraktor.com/artikel/memahami-kolom-double-cnp-kestabilan-dan-kekuatan-dalam-konstruksi-bangunan/,live,0,2026-08-17T04:39:23Z,,2026-08-13 06:00:47,2026-08-29
fetrans.org.br,https://fetrans.org.br/cnh-tera-uma-nova-atualizacao-no-formato-de-cartao-para-2019/,unknown,0,2026-08-19T17:59:10Z,,2026-08-13 06:10:38,2026-08-29
lilmisscakes.com,https://lilmisscakes.com/featured-on/,live,0,2026-08-13T11:00:27Z,,2026-08-13 06:13:49,2026-08-29
nswr.it,https://www.nswr.it/4-ottobre-2020/,lost,0,2026-08-16T10:32:43Z,,2026-08-13 06:24:30,2026-08-29
practicezebra.com,https://www.practicezebra.com/the-kpis-dentists-should-care-about-but-dont-always-know/,live,0,2026-08-21T14:56:14Z,,2026-08-13 06:33:39,2026-08-29
offmetro.com,https://offmetro.com/world/24199/tour-of-paris/,live,0,2026-08-22T11:40:06Z,,2026-08-13 06:34:55,2026-08-29
onelastpicture.com,https://www.onelastpicture.com/something-wicked-music-festival,live,0,2026-08-25T19:37:12Z,,2026-08-13 06:36:04,2026-08-29
resorttrades.com,https://resorttrades.com/arda-names-new-president-and-ceo/,live,0,2026-08-26T01:39:40Z,,2026-08-13 06:40:05,2026-08-29
maestrokontraktor.com,https://maestrokontraktor.com/artikel/memahami-kolom-double-cnp-kestabilan-dan-kekuatan-dalam-konstruksi-bangunan/,live,0,2026-08-17T04:39:23Z,,2026-08-13 06:48:52,2026-08-29
khwblog.co.kr,https://khwblog.co.kr/%EC%9C%88%EB%8F%84%EC%9A%B0-%EC%BA%A1%EC%B2%98-%EB%8F%84%EA%B5%AC-%EC%82%AC%EC%9A%A9%EB%B2%95%EC%9C%88%EB%8F%84%EC%9A%B0-10-11/,live,0,2026-08-15T21:55:29Z,,2026-08-13 09:04:04,2026-08-29
bathroomremodel.ca,https://bathroomremodel.ca/what-is-a-4-piece-bathroom/,live,0,2026-08-25T14:32:10Z,,2026-08-13 09:25:00,2026-08-29
rebeccaoptical.ca,https://rebeccaoptical.ca/benefits-of-using-contact-lenses-over-traditional-eyeglasses/,unknown,0,2026-08-25T18:33:47Z,,2026-08-13 09:30:37,2026-08-29
ojugeneraltrading.com,https://ojugeneraltrading.com/about/page-with-comments/,unknown,0,2026-08-20T03:19:43Z,,2026-08-13 10:27:16,2026-08-29
chaohanoi.com,https://chaohanoi.com/2019/12/21/hanoi-has-2nd-highest-proportion-of-female-entrepreneurs-in-vietnam/,live,0,2026-08-26T11:13:58Z,,2026-08-13 10:43:34,2026-08-29
finchdigitalsolutions.com,https://finchdigitalsolutions.com/building-a-strong-startup-team-skills-and-roles/,live,1,2026-08-18T02:29:04Z,,2026-08-13 11:57:09,2026-08-29
finchdigitalsolutions.com,https://finchdigitalsolutions.com/building-a-strong-startup-team-skills-and-roles/,live,1,2026-08-18T02:29:04Z,,2026-08-13 12:16:23,2026-08-29
sag-floorsystems.de,https://sag-floorsystems.de/13-000-qm/,live,0,2026-08-21T15:09:19Z,,2026-08-13 13:00:57,2026-08-29
pilisanchez.com,http://pilisanchez.com/,live,0,2026-08-14T12:43:26Z,,2026-08-13 13:01:46,2026-08-29
spectrumcarpet.ca,https://spectrumcarpet.ca/master-slider/,live,0,2026-08-18T08:53:31Z,,2026-08-13 18:56:09,2026-08-29
simemali.com,http://simemali.com/coris-bank-international/,live,0,2026-08-18T05:29:24Z,,2026-08-13 19:16:19,2026-08-29
veronika-peru.de,http://veronika-peru.de/,lost,0,2026-08-16T12:36:17Z,,2026-08-13 19:49:36,2026-08-29
superinteressantes.com.br,https://superinteressantes.com.br/index.php/2024/05/31/sessao-da-tarde-exibe-hoje-segunda-27-05-na-globo-kung-fu-yoga/,live,0,2026-08-18T11:56:01Z,,2026-08-13 20:03:12,2026-08-29
suyosadventure.com,https://suyosadventure.com/pack-wisely-before-traveling/,live,0,2026-08-21T16:26:40Z,,2026-08-13 20:05:22,2026-08-29
rollyspizza.com,https://www.rollyspizza.com/massa-vitae-tortor-condimentum-lacinia-quis-veleros/,live,0,2026-08-20T01:47:14Z,,2026-08-13 20:07:17,2026-08-29
shortbox.co.uk,https://www.shortbox.co.uk/aib-focuses-on-wealth-management-growth-rules-out-overseas-expansion/,lost,0,2026-08-22T03:42:12Z,,2026-08-13 22:02:20,2026-08-29
destinoasiaviajes-travel.com,https://destinoasiaviajes-travel.com/hola-en-vietnamita/,live,0,2026-08-18T10:40:35Z,,2026-08-13 22:36:29,2026-08-29
smpkartinisatubatam.sch.id,https://smpkartinisatubatam.sch.id/fasilitas/lapangan-tennis/,lost,0,2026-08-24T04:56:50Z,,2026-08-13 23:27:14,2026-08-29
soeu-jane-sandanski.mk,https://soeu-jane-sandanski.mk/%D1%83%D1%87%D0%B5%D1%81%D1%82%D0%B2%D0%BE-%D0%BD%D0%B0-%D0%B1%D0%B8%D1%82%D0%BE%D0%BB%D1%81%D0%BA%D0%B8%D0%BE%D1%82-%D0%BA%D0%B2%D0%B0%D0%B4%D1%80%D0%B8%D0%BB-%D0%B2%D0%BE-%D0%BE%D1%80%D0%B3%D0%B0/,unknown,0,2026-08-25T19:55:27Z,,2026-08-13 23:37:00,2026-08-29
uborka.co,https://uborka.co/uhod/movil-dlya-avto,live,0,2026-08-15T02:44:46Z,,2026-08-14 00:22:09,2026-08-29
srisudha.com,https://www.srisudha.com/i-am-so-happy-my-dear-friend/,live,0,2026-08-22T20:34:17Z,,2026-08-14 00:22:16,2026-08-29
